participant_id,status,tracked_url
sl-close-01,awaiting_assignment,https://app.splashlens.com/?challenge=field60&challenge_path=closing&pilot_id=closing-season-10-tech-2026&participant_id=sl-close-01&utm_source=named_pilot&utm_medium=direct&utm_campaign=closing_season_10_tech&utm_content=sl_close_01
sl-close-02,awaiting_assignment,https://app.splashlens.com/?challenge=field60&challenge_path=closing&pilot_id=closing-season-10-tech-2026&participant_id=sl-close-02&utm_source=named_pilot&utm_medium=direct&utm_campaign=closing_season_10_tech&utm_content=sl_close_02
sl-close-03,awaiting_assignment,https://app.splashlens.com/?challenge=field60&challenge_path=closing&pilot_id=closing-season-10-tech-2026&participant_id=sl-close-03&utm_source=named_pilot&utm_medium=direct&utm_campaign=closing_season_10_tech&utm_content=sl_close_03
sl-close-04,awaiting_assignment,https://app.splashlens.com/?challenge=field60&challenge_path=closing&pilot_id=closing-season-10-tech-2026&participant_id=sl-close-04&utm_source=named_pilot&utm_medium=direct&utm_campaign=closing_season_10_tech&utm_content=sl_close_04
sl-close-05,awaiting_assignment,https://app.splashlens.com/?challenge=field60&challenge_path=closing&pilot_id=closing-season-10-tech-2026&participant_id=sl-close-05&utm_source=named_pilot&utm_medium=direct&utm_campaign=closing_season_10_tech&utm_content=sl_close_05
sl-close-06,awaiting_assignment,https://app.splashlens.com/?challenge=field60&challenge_path=closing&pilot_id=closing-season-10-tech-2026&participant_id=sl-close-06&utm_source=named_pilot&utm_medium=direct&utm_campaign=closing_season_10_tech&utm_content=sl_close_06
sl-close-07,awaiting_assignment,https://app.splashlens.com/?challenge=field60&challenge_path=closing&pilot_id=closing-season-10-tech-2026&participant_id=sl-close-07&utm_source=named_pilot&utm_medium=direct&utm_campaign=closing_season_10_tech&utm_content=sl_close_07
sl-close-08,awaiting_assignment,https://app.splashlens.com/?challenge=field60&challenge_path=closing&pilot_id=closing-season-10-tech-2026&participant_id=sl-close-08&utm_source=named_pilot&utm_medium=direct&utm_campaign=closing_season_10_tech&utm_content=sl_close_08
sl-close-09,awaiting_assignment,https://app.splashlens.com/?challenge=field60&challenge_path=closing&pilot_id=closing-season-10-tech-2026&participant_id=sl-close-09&utm_source=named_pilot&utm_medium=direct&utm_campaign=closing_season_10_tech&utm_content=sl_close_09
sl-close-10,awaiting_assignment,https://app.splashlens.com/?challenge=field60&challenge_path=closing&pilot_id=closing-season-10-tech-2026&participant_id=sl-close-10&utm_source=named_pilot&utm_medium=direct&utm_campaign=closing_season_10_tech&utm_content=sl_close_10
